optimiser,folder_unf,folder_lr,folder_dropout,num_seeds,prediction_time,prediction_time_std,accuracy,accuracy_std,precision,precision_std,recall,recall_std,f1_score,f1_score_std,tp,tp_std,fp,fp_std,tn,tn_std,fn,fn_std,precision_class0,precision_class0_std,recall_class0,recall_class0_std,f1_class0,f1_class0_std,support_class0,support_class0_std,precision_class1,precision_class1_std,recall_class1,recall_class1_std,f1_class1,f1_class1_std,support_class1,support_class1_std,macro_avg_precision,macro_avg_precision_std,macro_avg_recall,macro_avg_recall_std,macro_avg_f1,macro_avg_f1_std,weighted_avg_precision,weighted_avg_precision_std,weighted_avg_recall,weighted_avg_recall_std,weighted_avg_f1,weighted_avg_f1_std
Adam,0,0.0001,0.15,10,193.3808,26.39923,0.6724,0.00844,0.59886,0.01029,0.62663,0.02081,0.61229,0.01258,258.8,8.59974,173.4,7.84857,413.6,7.84857,154.2,8.59974,0.72858,0.00969,0.70462,0.01334,0.71627,0.00766,587.0,0.0,0.59886,0.01029,0.62663,0.02081,0.61229,0.01258,413.0,0.0,0.66371,0.00887,0.66562,0.00931,0.66429,0.00897,0.67502,0.00885,0.6724,0.00844,0.67334,0.00852
Adam,0,0.0001,0.2,10,208.3434,33.37356,0.6725,0.00903,0.5994,0.01126,0.62495,0.02699,0.61163,0.01487,258.1,11.14999,172.6,10.40513,414.4,10.40513,154.9,11.14999,0.72818,0.01138,0.70597,0.01774,0.71669,0.00875,587.0,0.0,0.5994,0.01126,0.62495,0.02699,0.61163,0.01487,413.0,0.0,0.6638,0.00952,0.66546,0.01024,0.66416,0.00978,0.675,0.00959,0.6725,0.00903,0.67329,0.0092
Adam,0,0.0001,0.25,10,188.15355,3.41244,0.6727,0.00668,0.59998,0.00719,0.623,0.0292,0.61095,0.0152,257.3,12.0651,171.6,9.52424,415.4,9.52424,155.7,12.0651,0.7277,0.0113,0.70768,0.01623,0.71733,0.00603,587.0,0.0,0.59998,0.00719,0.623,0.0292,0.61095,0.0152,413.0,0.0,0.66385,0.00741,0.66533,0.00903,0.66413,0.00827,0.67494,0.00792,0.6727,0.00668,0.67339,0.0073
Adam,0,0.0005,0.15,10,214.7672,29.99299,0.6828,0.00909,0.60951,0.01454,0.64842,0.0252,0.62794,0.00994,267.8,10.40085,172.0,15.27525,415.0,15.27525,145.2,10.40085,0.74104,0.00909,0.70699,0.02602,0.72329,0.01231,587.0,0.0,0.60951,0.01454,0.64842,0.0252,0.62794,0.00994,413.0,0.0,0.67528,0.00814,0.6777,0.00779,0.67561,0.00818,0.68672,0.00758,0.6828,0.00909,0.68393,0.00858
Adam,0,0.0005,0.2,10,191.43304,22.41073,0.6824,0.00438,0.60818,0.0086,0.65085,0.02164,0.62851,0.00789,268.8,8.94179,173.4,10.84435,413.6,10.84435,144.2,8.94179,0.74169,0.00724,0.70461,0.01848,0.72247,0.00716,587.0,0.0,0.60818,0.0086,0.65085,0.02164,0.62851,0.00789,413.0,0.0,0.67493,0.00397,0.67773,0.00432,0.67547,0.00404,0.68654,0.00394,0.6824,0.00438,0.68366,0.00407
Adam,0,0.0005,0.25,10,218.91888,39.30702,0.6859,0.00918,0.61397,0.01355,0.64673,0.02234,0.62964,0.01111,267.1,9.21894,168.2,12.13626,418.8,12.13626,145.9,9.21894,0.74181,0.00953,0.71345,0.02069,0.72715,0.01042,587.0,0.0,0.61397,0.01355,0.64673,0.02234,0.62964,0.01111,413.0,0.0,0.6779,0.00904,0.68009,0.00888,0.67838,0.00883,0.68899,0.00869,0.6859,0.00918,0.68688,0.00882
Adam,0,0.005,0.15,10,252.45418,27.25414,0.6862,0.00783,0.60861,0.01458,0.67676,0.02865,0.6403,0.00849,279.5,11.82511,180.3,17.19851,406.7,17.19851,133.5,11.82511,0.75325,0.00963,0.69285,0.0293,0.72136,0.01274,587.0,0.0,0.60861,0.01458,0.67676,0.02865,0.6403,0.00849,413.0,0.0,0.68093,0.00625,0.68481,0.00579,0.68082,0.00648,0.69351,0.00566,0.6862,0.00783,0.68787,0.00722
Adam,0,0.005,0.2,10,189.3606,2.82161,0.6873,0.00772,0.61037,0.01349,0.67433,0.02349,0.64038,0.00746,278.5,9.69822,178.2,14.85336,408.8,14.85336,134.5,9.69822,0.75269,0.00813,0.69643,0.02531,0.72314,0.01153,587.0,0.0,0.61037,0.01349,0.67433,0.02349,0.64038,0.00746,413.0,0.0,0.68153,0.00645,0.68537,0.00591,0.68175,0.00658,0.6939,0.00586,0.6873,0.00772,0.68896,0.00718
Adam,0,0.005,0.25,10,183.09597,2.95587,0.6867,0.00891,0.60876,0.017,0.6804,0.02674,0.64197,0.00584,281.0,11.04536,181.3,18.75011,405.7,18.75011,132.0,11.04536,0.75485,0.00768,0.69114,0.03194,0.72111,0.01446,587.0,0.0,0.60876,0.017,0.6804,0.02674,0.64197,0.00584,413.0,0.0,0.6818,0.00662,0.68576,0.00521,0.68153,0.00692,0.6945,0.0053,0.6867,0.00891,0.68843,0.00808
Adam,1,0.0001,0.15,10,224.9043,38.21505,0.8137,0.0201,0.83193,0.06293,0.6995,0.05618,0.75605,0.01933,288.9,23.20177,62.2,36.22706,524.8,36.22706,124.1,23.20177,0.81019,0.02068,0.89404,0.06171,0.84845,0.02341,587.0,0.0,0.83193,0.06293,0.6995,0.05618,0.75605,0.01933,413.0,0.0,0.82106,0.02466,0.79678,0.01581,0.80225,0.0184,0.81916,0.01866,0.8137,0.0201,0.8103,0.01888
Adam,1,0.0001,0.2,10,210.19165,40.81772,0.8181,0.01021,0.84705,0.03152,0.68522,0.03705,0.75643,0.01705,283.0,15.30432,51.9,13.90803,535.1,13.90803,130.0,15.30432,0.80505,0.01582,0.9116,0.02369,0.85468,0.00834,587.0,0.0,0.84705,0.03152,0.68522,0.03705,0.75643,0.01705,413.0,0.0,0.82603,0.01366,0.79841,0.01226,0.80556,0.01155,0.8224,0.01162,0.8181,0.01021,0.8141,0.01074
Adam,1,0.0001,0.25,10,183.16526,5.22622,0.8146,0.0144,0.83016,0.04005,0.69687,0.03934,0.75613,0.01891,287.8,16.24671,60.2,20.12075,526.8,20.12075,125.2,16.24671,0.80855,0.0163,0.89744,0.03428,0.85017,0.01371,587.0,0.0,0.83016,0.04005,0.69687,0.03934,0.75613,0.01891,413.0,0.0,0.81936,0.01816,0.79714,0.0143,0.80316,0.0147,0.81747,0.01521,0.8146,0.0144,0.81134,0.01428
Adam,1,0.0005,0.15,10,193.40801,27.42136,0.8176,0.01631,0.82757,0.0418,0.70872,0.02303,0.76264,0.0164,292.7,9.51081,62.1,19.98027,524.9,19.98027,120.3,9.51081,0.81369,0.00974,0.89421,0.03404,0.85173,0.01591,587.0,0.0,0.82757,0.0418,0.70872,0.02303,0.76264,0.0164,413.0,0.0,0.82065,0.02125,0.80145,0.01385,0.8072,0.01558,0.81943,0.01795,0.8176,0.01631,0.81493,0.01556
Adam,1,0.0005,0.2,10,200.00797,29.17962,0.828,0.01346,0.8445,0.03623,0.71865,0.04674,0.77482,0.02141,296.8,19.29767,55.8,17.64338,531.2,17.64338,116.2,19.29767,0.82139,0.02134,0.90494,0.03007,0.86061,0.01115,587.0,0.0,0.8445,0.03623,0.71865,0.04674,0.77482,0.02141,413.0,0.0,0.83295,0.01579,0.8118,0.01592,0.81771,0.01498,0.83092,0.01393,0.828,0.01346,0.82519,0.01404
Adam,1,0.0005,0.25,10,235.87604,39.93482,0.8236,0.01362,0.83957,0.03754,0.71163,0.03165,0.76916,0.01507,293.9,13.07627,57.3,19.61887,529.7,19.61887,119.1,13.07627,0.81685,0.01311,0.90236,0.03342,0.85702,0.01374,587.0,0.0,0.83957,0.03754,0.71163,0.03165,0.76916,0.01507,413.0,0.0,0.8282,0.01696,0.80699,0.01215,0.81311,0.01322,0.82621,0.01394,0.8236,0.01362,0.82074,0.01316
Adam,1,0.005,0.15,10,180.92147,4.13349,0.8072,0.019,0.81075,0.04208,0.69928,0.02694,0.74992,0.01984,288.8,11.12355,68.6,21.49005,518.4,21.49005,124.2,11.12355,0.8069,0.01221,0.88314,0.0366,0.84292,0.0185,587.0,0.0,0.81075,0.04208,0.69928,0.02694,0.74992,0.01984,413.0,0.0,0.80883,0.02254,0.79121,0.01689,0.79644,0.01842,0.80848,0.0195,0.8072,0.019,0.8045,0.0183
Adam,1,0.005,0.2,10,176.60486,4.6894,0.8111,0.02014,0.82462,0.04186,0.69273,0.04813,0.75133,0.02883,286.1,19.87433,62.0,19.41935,525.0,19.41935,126.9,19.87433,0.80608,0.02248,0.89437,0.03308,0.84743,0.0168,587.0,0.0,0.82462,0.04186,0.69273,0.04813,0.75133,0.02883,413.0,0.0,0.81535,0.02305,0.79357,0.02178,0.79938,0.02169,0.81375,0.021,0.8111,0.02014,0.80775,0.02062
Adam,1,0.005,0.25,10,228.32794,16.3967,0.8042,0.01458,0.82657,0.03922,0.66827,0.02332,0.73824,0.01629,276.0,9.63789,58.8,17.06719,528.2,17.06719,137.0,9.63789,0.79417,0.00976,0.89982,0.02907,0.84347,0.01361,587.0,0.0,0.82657,0.03922,0.66827,0.02332,0.73824,0.01629,413.0,0.0,0.81037,0.02036,0.78406,0.01304,0.79084,0.01426,0.80755,0.01737,0.8042,0.01458,0.80002,0.01402
Adam,2,0.0001,0.15,10,206.07282,30.14643,0.8305,0.01147,0.87691,0.03005,0.68741,0.02935,0.76993,0.01695,283.9,12.1239,40.4,11.87153,546.6,11.87153,129.1,12.1239,0.8092,0.01283,0.93117,0.02022,0.86573,0.00944,587.0,0.0,0.87691,0.03005,0.68741,0.02935,0.76993,0.01695,413.0,0.0,0.84305,0.01477,0.80929,0.01251,0.81783,0.01254,0.83717,0.01278,0.8305,0.01147,0.82615,0.01186
Adam,2,0.0001,0.2,10,185.6001,24.94576,0.8318,0.01021,0.88589,0.02293,0.68184,0.04089,0.76948,0.02017,281.6,16.88655,36.8,10.45413,550.2,10.45413,131.4,16.88655,0.80782,0.01817,0.93731,0.01781,0.86745,0.00656,587.0,0.0,0.88589,0.02293,0.68184,0.04089,0.76948,0.02017,413.0,0.0,0.84685,0.00871,0.80958,0.01406,0.81848,0.0129,0.84007,0.00835,0.8318,0.01021,0.827,0.0117
Adam,2,0.0001,0.25,10,208.78555,30.82306,0.8333,0.01233,0.87173,0.03017,0.70145,0.04452,0.776,0.02174,289.7,18.38508,43.4,13.35997,543.6,13.35997,123.3,18.38508,0.81585,0.02004,0.92607,0.02276,0.86707,0.00902,587.0,0.0,0.87173,0.03017,0.70145,0.04452,0.776,0.02174,413.0,0.0,0.84378,0.01299,0.81375,0.01578,0.82156,0.01459,0.83892,0.0118,0.8333,0.01233,0.82946,0.01343
Adam,2,0.0005,0.15,10,181.66506,7.01537,0.8317,0.01541,0.86951,0.02739,0.69856,0.04317,0.77362,0.02596,288.5,17.82788,43.8,11.71703,543.2,11.71703,124.5,17.82788,0.81412,0.01954,0.92537,0.01996,0.86592,0.01127,587.0,0.0,0.86951,0.02739,0.69856,0.04317,0.77362,0.02596,413.0,0.0,0.84182,0.01499,0.81198,0.01847,0.81978,0.01806,0.83698,0.01423,0.8317,0.01541,0.82779,0.01677
Adam,2,0.0005,0.2,10,191.30868,23.15053,0.8332,0.01494,0.87767,0.02852,0.69395,0.03842,0.77421,0.02333,286.6,15.86891,40.4,11.3842,546.6,11.3842,126.4,15.86891,0.81266,0.01826,0.93118,0.0194,0.86765,0.01132,587.0,0.0,0.87767,0.02852,0.69395,0.03842,0.77421,0.02333,413.0,0.0,0.84515,0.01607,0.81258,0.01731,0.82092,0.01685,0.83949,0.01505,0.8332,0.01494,0.82905,0.0158
Adam,2,0.0005,0.25,10,177.7487,2.41252,0.8264,0.02069,0.86971,0.02093,0.68257,0.05774,0.76341,0.03623,281.9,23.84883,42.5,8.82232,544.5,8.82232,131.1,23.84883,0.80693,0.02707,0.92759,0.01504,0.86271,0.014,587.0,0.0,0.86971,0.02093,0.68257,0.05774,0.76341,0.03623,413.0,0.0,0.83832,0.01644,0.80508,0.02576,0.81306,0.02484,0.83287,0.01748,0.8264,0.02069,0.82168,0.02291
Adam,2,0.005,0.15,10,186.35329,7.06305,0.6959,0.19548,0.72871,0.21831,0.76344,0.16649,0.6996,0.08154,315.3,68.76053,206.4,262.72427,380.6,262.72427,97.7,68.76053,0.55737,0.38491,0.64838,0.44757,0.59929,0.4136,587.0,0.0,0.72871,0.21831,0.76344,0.16649,0.6996,0.08154,413.0,0.0,0.64304,0.30135,0.70591,0.14269,0.64943,0.24675,0.62814,0.31585,0.6959,0.19548,0.64071,0.27578
Adam,2,0.005,0.2,10,182.39457,4.67318,0.6538,0.20772,0.6833,0.23432,0.79418,0.18344,0.68009,0.0868,328.0,75.75985,261.2,280.68717,325.8,280.68717,85.0,75.75985,0.47655,0.41062,0.55503,0.47818,0.51245,0.44115,587.0,0.0,0.6833,0.23432,0.79418,0.18344,0.68009,0.0868,413.0,0.0,0.57993,0.32166,0.67461,0.15135,0.59627,0.26223,0.56195,0.33704,0.6538,0.20772,0.58167,0.29331
Adam,2,0.005,0.25,10,214.66948,29.64458,0.5786,0.21392,0.59643,0.23809,0.87384,0.16453,0.65695,0.0941,360.9,67.94679,369.3,281.25159,217.7,281.25159,52.1,67.94679,0.32295,0.41703,0.37087,0.47914,0.34511,0.44558,587.0,0.0,0.59643,0.23809,0.87384,0.16453,0.65695,0.0941,413.0,0.0,0.45969,0.32704,0.62236,0.15817,0.50102,0.26958,0.43591,0.34262,0.5786,0.21392,0.47386,0.3002
AdamW,0,0.0001,0.15,10,205.51222,21.25918,0.6755,0.01486,0.60237,0.01861,0.63148,0.02554,0.61637,0.01864,260.8,10.54935,172.3,11.86077,414.7,11.86077,152.2,10.54935,0.73167,0.01374,0.70648,0.02021,0.7187,0.01384,587.0,0.0,0.60237,0.01861,0.63148,0.02554,0.61637,0.01864,413.0,0.0,0.66702,0.01518,0.66899,0.01528,0.66754,0.0152,0.67826,0.01473,0.6755,0.01486,0.67645,0.01478
AdamW,0,0.0001,0.2,10,219.39055,22.10078,0.682,0.01097,0.61141,0.01549,0.63292,0.02061,0.62172,0.0124,261.4,8.51404,166.4,12.42041,420.6,12.42041,151.6,8.51404,0.73516,0.00933,0.71652,0.02117,0.72555,0.01189,587.0,0.0,0.61141,0.01549,0.63292,0.02061,0.62172,0.0124,413.0,0.0,0.67328,0.01074,0.67473,0.01041,0.67364,0.01067,0.68406,0.01017,0.682,0.01097,0.68268,0.01067
AdamW,0,0.0001,0.25,10,204.77911,38.74784,0.6822,0.00986,0.61187,0.01382,0.63195,0.02242,0.62148,0.01243,261.0,9.26163,165.8,12.10877,421.2,12.10877,152.0,9.26163,0.73496,0.00927,0.71754,0.02062,0.72597,0.01092,587.0,0.0,0.61187,0.01382,0.63195,0.02242,0.62148,0.01243,413.0,0.0,0.6734,0.00959,0.67474,0.00964,0.67373,0.00977,0.68412,0.00918,0.6822,0.00986,0.68282,0.00969
AdamW,0,0.0005,0.15,10,188.2445,4.75562,0.695,0.01189,0.62446,0.01811,0.65882,0.01748,0.64087,0.00981,272.1,7.21803,164.1,15.02184,422.9,15.02184,140.9,7.21803,0.75012,0.00749,0.72044,0.02559,0.73478,0.01417,587.0,0.0,0.62446,0.01811,0.65882,0.01748,0.64087,0.00981,413.0,0.0,0.68729,0.01092,0.68964,0.00996,0.68783,0.01084,0.69823,0.00987,0.695,0.01189,0.69598,0.0113
AdamW,0,0.0005,0.2,10,190.4173,9.16413,0.6955,0.00963,0.62534,0.01414,0.65666,0.01233,0.64049,0.00861,271.2,5.09466,162.7,10.688,424.3,10.688,141.8,5.09466,0.74951,0.00634,0.72282,0.01819,0.73583,0.0107,587.0,0.0,0.62534,0.01414,0.65666,0.01233,0.64049,0.00861,413.0,0.0,0.68742,0.00916,0.68976,0.00848,0.68814,0.009,0.69824,0.00845,0.6955,0.00963,0.69645,0.00921
AdamW,0,0.0005,0.25,10,205.85029,24.18793,0.6933,0.00821,0.62376,0.01219,0.64987,0.01822,0.63634,0.00942,268.4,7.53068,162.1,10.58773,424.9,10.58773,144.6,7.53068,0.74619,0.00768,0.72386,0.01804,0.73472,0.00932,587.0,0.0,0.62376,0.01219,0.64987,0.01822,0.63634,0.00942,413.0,0.0,0.68499,0.00788,0.68687,0.00774,0.68552,0.00789,0.69563,0.00746,0.6933,0.00821,0.69409,0.00793
AdamW,0,0.005,0.15,10,181.76588,2.53902,0.7157,0.00825,0.6509,0.01521,0.67434,0.02439,0.66197,0.00904,278.5,10.0692,149.8,14.48984,437.2,14.48984,134.5,10.0692,0.765,0.00922,0.74482,0.02467,0.75448,0.01093,587.0,0.0,0.6509,0.01521,0.67434,0.02439,0.66197,0.00904,413.0,0.0,0.70794,0.00746,0.70958,0.00707,0.70822,0.0075,0.71787,0.00682,0.7157,0.00825,0.71626,0.00779
AdamW,0,0.005,0.2,10,250.42091,26.46811,0.7139,0.01313,0.64587,0.02318,0.68547,0.02842,0.6643,0.0096,283.1,11.74214,156.2,21.78583,430.8,21.78583,129.9,11.74214,0.76866,0.00937,0.73389,0.03712,0.75031,0.01795,587.0,0.0,0.64587,0.02318,0.68547,0.02842,0.6643,0.0096,413.0,0.0,0.70725,0.0109,0.70969,0.00962,0.70728,0.01147,0.71794,0.00923,0.7139,0.01313,0.71479,0.01242
AdamW,0,0.005,0.25,10,221.22881,9.87298,0.7142,0.01083,0.64394,0.01701,0.6908,0.01619,0.6663,0.00975,285.3,6.68414,158.1,13.01666,428.9,13.01666,127.7,6.68414,0.77064,0.00768,0.73065,0.02216,0.74995,0.01223,587.0,0.0,0.64394,0.01701,0.6908,0.01619,0.6663,0.00975,413.0,0.0,0.70728,0.0103,0.71073,0.00943,0.70813,0.01011,0.71831,0.00939,0.7142,0.01083,0.71541,0.01039
AdamW,1,0.0001,0.15,10,196.72619,4.28096,0.8123,0.01463,0.80359,0.04319,0.72833,0.04235,0.76215,0.01372,300.8,17.49159,75.5,26.87936,511.5,26.87936,112.2,17.49159,0.82108,0.0178,0.8714,0.04579,0.84451,0.0172,587.0,0.0,0.80359,0.04319,0.72833,0.04235,0.76215,0.01372,413.0,0.0,0.81233,0.01666,0.79985,0.01153,0.80332,0.01337,0.81385,0.01297,0.8123,0.01463,0.8105,0.01377
AdamW,1,0.0001,0.2,10,232.45597,18.93146,0.8201,0.01298,0.8218,0.04347,0.72566,0.03602,0.76916,0.01266,299.7,14.87765,66.6,22.82883,520.4,22.82883,113.3,14.87765,0.82185,0.01537,0.88654,0.03889,0.85234,0.01397,587.0,0.0,0.8218,0.04347,0.72566,0.03602,0.76916,0.01266,413.0,0.0,0.82184,0.0183,0.80611,0.0105,0.81075,0.01186,0.82185,0.01459,0.8201,0.01298,0.81797,0.01204
AdamW,1,0.0001,0.25,10,235.57623,33.42505,0.8077,0.01698,0.78882,0.06027,0.74091,0.04331,0.76111,0.01075,306.0,17.89475,85.3,32.44157,501.7,32.44157,107.0,17.89475,0.82521,0.0151,0.85467,0.05527,0.83848,0.0202,587.0,0.0,0.78882,0.06027,0.74091,0.04331,0.76111,0.01075,413.0,0.0,0.807,0.0242,0.7978,0.01073,0.79977,0.01419,0.81018,0.0182,0.8077,0.01698,0.80653,0.0151
AdamW,1,0.0005,0.15,10,191.42874,7.00751,0.8277,0.01046,0.81178,0.03581,0.7632,0.04038,0.78521,0.01167,315.2,16.67866,74.5,22.13218,512.5,22.13218,97.8,16.67866,0.84074,0.01904,0.8731,0.03769,0.85582,0.0121,587.0,0.0,0.81178,0.03581,0.7632,0.04038,0.78521,0.01167,413.0,0.0,0.82625,0.01232,0.81815,0.00917,0.82051,0.00985,0.82879,0.00955,0.8277,0.01046,0.82666,0.00998
AdamW,1,0.0005,0.2,10,173.14568,4.74141,0.8254,0.01551,0.81111,0.02954,0.75448,0.03651,0.78095,0.0203,311.6,15.07168,73.2,15.43301,513.8,15.43301,101.4,15.07168,0.83571,0.01911,0.87528,0.0263,0.85469,0.0135,587.0,0.0,0.81111,0.02954,0.75448,0.03651,0.78095,0.0203,413.0,0.0,0.82342,0.01682,0.81489,0.01656,0.81784,0.01618,0.82556,0.01577,0.8254,0.01551,0.82423,0.01558
AdamW,1,0.0005,0.25,10,214.28061,28.88887,0.818,0.01435,0.79588,0.03974,0.7569,0.03751,0.77449,0.01566,312.6,15.49337,81.6,21.91499,505.4,21.91499,100.4,15.49337,0.835,0.01769,0.86099,0.03732,0.84716,0.01463,587.0,0.0,0.79588,0.03974,0.7569,0.03751,0.77449,0.01566,413.0,0.0,0.81545,0.01767,0.80894,0.01304,0.81082,0.0138,0.81885,0.01488,0.818,0.01435,0.81715,0.01378
AdamW,1,0.005,0.15,10,183.07021,3.91451,0.7699,0.02449,0.74539,0.04009,0.67603,0.03689,0.70817,0.02886,279.2,15.23738,96.3,21.41676,490.7,21.41676,133.8,15.23738,0.78599,0.01976,0.83595,0.03647,0.80985,0.0225,587.0,0.0,0.74539,0.04009,0.67603,0.03689,0.70817,0.02886,413.0,0.0,0.76569,0.02623,0.75599,0.02406,0.75899,0.02471,0.76922,0.0243,0.7699,0.02449,0.76785,0.02419
AdamW,1,0.005,0.2,10,256.24611,15.18179,0.7652,0.01418,0.74153,0.04399,0.67191,0.05792,0.70204,0.01993,277.5,23.92697,99.3,30.42313,487.7,30.42313,135.5,23.92697,0.78407,0.02187,0.83083,0.05184,0.80541,0.01772,587.0,0.0,0.74153,0.04399,0.67191,0.05792,0.70204,0.01993,413.0,0.0,0.76282,0.01711,0.75138,0.01316,0.75372,0.01345,0.76651,0.01394,0.7652,0.01418,0.76272,0.01337
AdamW,1,0.005,0.25,10,222.64434,8.63415,0.7628,0.02643,0.7335,0.05441,0.67869,0.03435,0.70315,0.02298,280.3,14.18959,104.5,33.18718,482.5,33.18718,132.7,14.18959,0.78453,0.01361,0.82199,0.05654,0.80187,0.02857,587.0,0.0,0.7335,0.05441,0.67869,0.03435,0.70315,0.02298,413.0,0.0,0.75901,0.02904,0.75034,0.0217,0.75249,0.02439,0.76344,0.02496,0.7628,0.02643,0.7611,0.02495
AdamW,2,0.0001,0.15,10,197.2241,2.99169,0.8197,0.01642,0.79751,0.05022,0.76296,0.04684,0.77749,0.01682,315.1,19.33592,82.4,28.23001,504.6,28.23001,97.9,19.33592,0.83874,0.02128,0.85963,0.04811,0.84796,0.01783,587.0,0.0,0.79751,0.05022,0.76296,0.04684,0.77749,0.01682,413.0,0.0,0.81811,0.02061,0.81129,0.014,0.81273,0.01543,0.82171,0.01666,0.8197,0.01642,0.81884,0.0156
AdamW,2,0.0001,0.2,10,203.55991,35.64678,0.8287,0.01172,0.81507,0.03407,0.76078,0.04671,0.78538,0.01772,314.2,19.29191,72.5,18.92236,514.5,18.92236,98.8,19.29191,0.84,0.02272,0.87648,0.03221,0.85718,0.01052,587.0,0.0,0.81507,0.03407,0.76078,0.04671,0.78538,0.01772,413.0,0.0,0.82752,0.01379,0.81863,0.01392,0.82128,0.01253,0.82971,0.01241,0.8287,0.01172,0.82751,0.01186
AdamW,2,0.0001,0.25,10,213.01116,27.86422,0.8199,0.0122,0.80942,0.03904,0.74262,0.04913,0.7726,0.01782,306.7,20.29258,73.8,21.80112,513.2,21.80112,106.3,20.29258,0.8296,0.02277,0.87428,0.03715,0.85052,0.01193,587.0,0.0,0.80942,0.03904,0.74262,0.04913,0.7726,0.01782,413.0,0.0,0.81952,0.01519,0.80845,0.01368,0.81156,0.01267,0.82127,0.01294,0.8199,0.0122,0.81833,0.01215
AdamW,2,0.0005,0.15,10,197.18916,3.95612,0.839,0.01826,0.82081,0.02975,0.78258,0.04295,0.80027,0.02451,323.2,17.73133,71.2,16.22618,515.8,16.22618,89.8,17.73133,0.85246,0.02312,0.87873,0.02763,0.86496,0.01552,587.0,0.0,0.82081,0.02975,0.78258,0.04295,0.80027,0.02451,413.0,0.0,0.83662,0.01832,0.83065,0.02001,0.8326,0.01934,0.83938,0.01781,0.839,0.01826,0.83824,0.01853
AdamW,2,0.0005,0.2,10,196.47762,25.07255,0.8278,0.01662,0.80524,0.03817,0.7736,0.04283,0.78756,0.01972,319.5,17.69652,78.7,22.55881,508.3,22.55881,93.5,17.69652,0.84552,0.02039,0.86593,0.03842,0.85488,0.01653,587.0,0.0,0.80524,0.03817,0.7736,0.04283,0.78756,0.01972,413.0,0.0,0.82536,0.01722,0.81977,0.0163,0.82123,0.01671,0.82889,0.01502,0.8278,0.01662,0.82708,0.01642
AdamW,2,0.0005,0.25,10,248.4736,15.96604,0.8299,0.01516,0.8287,0.0325,0.74454,0.05154,0.78274,0.02439,307.5,21.28771,64.6,18.36785,522.4,18.36785,105.5,21.28771,0.83315,0.02479,0.88995,0.0313,0.85993,0.01226,587.0,0.0,0.8287,0.0325,0.74454,0.05154,0.78274,0.02439,413.0,0.0,0.83091,0.01522,0.81725,0.01819,0.82134,0.01708,0.83132,0.01454,0.8299,0.01516,0.82804,0.01599
AdamW,2,0.005,0.15,10,179.77375,3.19028,0.6007,0.18322,0.59995,0.19396,0.81575,0.19606,0.64326,0.06176,336.9,80.98072,323.2,261.17334,263.8,261.17334,76.1,80.98072,0.47514,0.41062,0.4494,0.44493,0.43502,0.41072,587.0,0.0,0.59995,0.19396,0.81575,0.19606,0.64326,0.06176,413.0,0.0,0.53754,0.28749,0.63257,0.12889,0.53913,0.23404,0.52671,0.30767,0.6007,0.18322,0.521,0.26474
AdamW,2,0.005,0.2,10,238.72636,6.21165,0.6696,0.14774,0.57706,0.24212,0.69782,0.27975,0.61037,0.2227,288.2,115.5372,205.6,207.87293,381.4,207.87293,124.8,115.5372,0.61633,0.33253,0.64976,0.35413,0.62604,0.33163,587.0,0.0,0.57706,0.24212,0.69782,0.27975,0.61037,0.2227,413.0,0.0,0.59671,0.25206,0.67379,0.12288,0.6182,0.21,0.60012,0.26206,0.6696,0.14774,0.61956,0.22461
AdamW,2,0.005,0.25,10,237.22838,3.10114,0.5774,0.11684,0.41794,0.24341,0.69372,0.38039,0.50821,0.27126,286.5,157.09958,296.1,221.56236,290.9,221.56236,126.5,157.09958,0.59887,0.32996,0.49558,0.37745,0.49714,0.30105,587.0,0.0,0.41794,0.24341,0.69372,0.38039,0.50821,0.27126,413.0,0.0,0.50841,0.22887,0.59464,0.09897,0.50268,0.17092,0.52416,0.2401,0.5774,0.11684,0.5017,0.17974
SGD,0,0.0001,0.15,10,215.70461,43.1006,0.521,0.03377,0.45377,0.01814,0.7489,0.11903,0.56092,0.03239,309.3,49.16424,375.3,76.4127,211.7,76.4127,103.7,49.16424,0.68027,0.04291,0.36064,0.13019,0.45616,0.11011,587.0,0.0,0.45377,0.01814,0.7489,0.11903,0.56092,0.03239,413.0,0.0,0.56702,0.02464,0.55476,0.02102,0.50854,0.04669,0.58673,0.02746,0.521,0.03377,0.49943,0.05724
SGD,0,0.0001,0.2,10,188.65117,5.3712,0.5164,0.02415,0.45047,0.01371,0.76464,0.06872,0.56567,0.01827,315.8,28.38153,386.4,47.10084,200.6,47.10084,97.2,28.38153,0.67656,0.02515,0.34174,0.08023,0.44809,0.07339,587.0,0.0,0.45047,0.01371,0.76464,0.06872,0.56567,0.01827,413.0,0.0,0.56352,0.01644,0.5532,0.01654,0.50689,0.03377,0.5832,0.0177,0.5164,0.02415,0.49666,0.0404
SGD,0,0.0001,0.25,10,213.62098,30.83933,0.5194,0.02383,0.45087,0.01437,0.74696,0.12556,0.55832,0.04479,308.5,51.85503,376.1,66.24777,210.9,66.24777,104.5,51.85503,0.67878,0.03917,0.35927,0.11288,0.45837,0.08264,587.0,0.0,0.45087,0.01437,0.74696,0.12556,0.55832,0.04479,413.0,0.0,0.56483,0.02396,0.55313,0.02029,0.50835,0.03039,0.58465,0.02644,0.5194,0.02383,0.49964,0.03807
SGD,0,0.0005,0.15,10,181.71242,3.03144,0.598,0.01213,0.51185,0.01249,0.60266,0.03831,0.55284,0.01536,248.9,15.81455,237.9,22.70805,349.1,22.70805,164.1,15.81455,0.68063,0.01124,0.59472,0.03868,0.63402,0.02128,587.0,0.0,0.51185,0.01249,0.60266,0.03831,0.55284,0.01536,413.0,0.0,0.59624,0.00966,0.59869,0.01013,0.59343,0.01099,0.61092,0.00962,0.598,0.01213,0.60049,0.0121
SGD,0,0.0005,0.2,10,220.45043,27.74589,0.5961,0.01199,0.51046,0.01322,0.58304,0.04881,0.54308,0.01973,240.8,20.15937,231.7,27.47949,355.3,27.47949,172.2,20.15937,0.67417,0.01187,0.6053,0.04681,0.63679,0.02318,587.0,0.0,0.51046,0.01322,0.58304,0.04881,0.54308,0.01973,413.0,0.0,0.5923,0.00922,0.59416,0.00972,0.58996,0.01013,0.60655,0.0092,0.5961,0.01199,0.59809,0.01125
SGD,0,0.0005,0.25,10,200.38748,27.08478,0.599,0.01579,0.51281,0.01657,0.61405,0.04548,0.55796,0.01917,253.6,18.7806,241.6,26.05208,345.4,26.05208,159.4,18.7806,0.6849,0.01665,0.58842,0.04438,0.63196,0.02503,587.0,0.0,0.51281,0.01657,0.61405,0.04548,0.55796,0.01917,413.0,0.0,0.59885,0.01407,0.60122,0.01424,0.59498,0.0146,0.6138,0.01416,0.599,0.01579,0.6014,0.01565
SGD,0,0.005,0.15,10,184.20839,5.12572,0.6393,0.00878,0.55807,0.01087,0.61113,0.02864,0.58301,0.0134,252.4,11.82464,200.1,13.82791,386.9,13.82791,160.6,11.82464,0.70695,0.01069,0.65912,0.02358,0.6819,0.01143,587.0,0.0,0.55807,0.01087,0.61113,0.02864,0.58301,0.0134,413.0,0.0,0.6325,0.00866,0.63512,0.00906,0.63247,0.00866,0.64545,0.0087,0.6393,0.00878,0.64107,0.00854
SGD,0,0.005,0.2,10,224.67812,26.66042,0.6396,0.0125,0.55809,0.01484,0.61525,0.02661,0.58493,0.01475,254.1,10.98939,201.5,14.93876,385.5,14.93876,158.9,10.98939,0.70829,0.0117,0.65672,0.02546,0.68127,0.01474,587.0,0.0,0.55809,0.01484,0.61525,0.02661,0.58493,0.01475,413.0,0.0,0.63319,0.01181,0.63599,0.01206,0.63309,0.01214,0.64626,0.01156,0.6396,0.0125,0.64148,0.01223
SGD,0,0.005,0.25,10,215.44076,35.08037,0.6373,0.01217,0.55514,0.01465,0.61573,0.02485,0.58359,0.0147,254.3,10.26374,204.0,13.19933,383.0,13.19933,158.7,10.26374,0.7072,0.01163,0.65247,0.0225,0.67851,0.01338,587.0,0.0,0.55514,0.01465,0.61573,0.02485,0.58359,0.0147,413.0,0.0,0.63116,0.01193,0.63409,0.01205,0.63105,0.01196,0.6444,0.01166,0.6373,0.01217,0.63932,0.0119
SGD,1,0.0001,0.15,10,181.03086,4.05987,0.5956,0.02819,0.51191,0.0277,0.54261,0.11357,0.52113,0.05268,224.1,46.90996,215.5,53.82533,371.5,53.82533,188.9,46.90996,0.66668,0.03946,0.63289,0.0917,0.64474,0.0454,587.0,0.0,0.51191,0.0277,0.54261,0.11357,0.52113,0.05268,413.0,0.0,0.5893,0.02897,0.58773,0.02982,0.58294,0.0274,0.60278,0.03029,0.5956,0.02819,0.59367,0.02719
SGD,1,0.0001,0.2,10,187.58733,18.88354,0.5726,0.0472,0.49201,0.03872,0.63489,0.13173,0.54708,0.04869,262.2,54.40343,276.6,86.4487,310.4,86.4487,150.8,54.40343,0.67914,0.04323,0.52879,0.14727,0.58066,0.10617,587.0,0.0,0.49201,0.03872,0.63489,0.13173,0.54708,0.04869,413.0,0.0,0.58557,0.03338,0.58183,0.03604,0.56386,0.05135,0.60185,0.0341,0.5726,0.0472,0.5668,0.05948
SGD,1,0.0001,0.25,10,195.0687,33.33411,0.5934,0.03064,0.51342,0.03039,0.54018,0.11942,0.51876,0.04042,223.1,49.32083,216.7,75.04228,370.3,75.04228,189.9,49.32083,0.66451,0.02221,0.63083,0.12784,0.63856,0.07465,587.0,0.0,0.51342,0.03039,0.54018,0.11942,0.51876,0.04042,413.0,0.0,0.58898,0.0161,0.58552,0.01743,0.57867,0.02734,0.60212,0.01533,0.5934,0.03064,0.58908,0.0343
SGD,1,0.0005,0.15,10,207.62966,31.64221,0.7273,0.01908,0.65648,0.03135,0.72228,0.05365,0.68592,0.02039,298.3,22.16128,158.0,32.51666,429.0,32.51666,114.7,22.16128,0.79066,0.0225,0.73084,0.0554,0.7579,0.02619,587.0,0.0,0.65648,0.03135,0.72228,0.05365,0.68592,0.02039,413.0,0.0,0.72358,0.01513,0.72654,0.01629,0.72192,0.01829,0.73524,0.01425,0.7273,0.01908,0.72816,0.01909
SGD,1,0.0005,0.2,10,191.57007,22.5933,0.7217,0.02566,0.66246,0.03521,0.66854,0.02895,0.66507,0.02703,276.1,11.9485,141.4,20.73751,445.6,20.73751,136.9,11.9485,0.76495,0.0195,0.75912,0.03534,0.76176,0.02473,587.0,0.0,0.66246,0.03521,0.66854,0.02895,0.66507,0.02703,413.0,0.0,0.7137,0.02585,0.71382,0.02468,0.71342,0.02528,0.72262,0.02443,0.7217,0.02566,0.72184,0.0251
SGD,1,0.0005,0.25,10,207.07242,23.67738,0.7257,0.02024,0.66214,0.03568,0.69539,0.03371,0.67698,0.01317,287.2,13.91881,148.5,30.56596,438.5,30.56596,125.8,13.91881,0.7775,0.01116,0.74702,0.05207,0.76092,0.02635,587.0,0.0,0.66214,0.03568,0.69539,0.03371,0.67698,0.01317,413.0,0.0,0.71981,0.0174,0.7212,0.01488,0.71894,0.01791,0.72985,0.01466,0.7257,0.02024,0.72624,0.01924
SGD,1,0.005,0.15,10,184.28156,4.65384,0.7702,0.01112,0.71599,0.02002,0.7368,0.02006,0.72592,0.01158,304.3,8.28721,121.1,13.32041,465.9,13.32041,108.7,8.28721,0.81099,0.00984,0.7937,0.02268,0.80206,0.01154,587.0,0.0,0.71599,0.02002,0.7368,0.02006,0.72592,0.01158,413.0,0.0,0.76349,0.01127,0.76525,0.01015,0.76399,0.01077,0.77177,0.0102,0.7702,0.01112,0.77061,0.01081
SGD,1,0.005,0.2,10,223.11745,21.52589,0.7629,0.03149,0.70255,0.05811,0.75787,0.04145,0.7262,0.01826,313.0,17.12049,137.1,46.21315,449.9,46.21315,100.0,17.12049,0.81908,0.01329,0.76643,0.07874,0.78955,0.04006,587.0,0.0,0.70255,0.05811,0.75787,0.04145,0.7262,0.01826,413.0,0.0,0.76083,0.02579,0.76215,0.0223,0.75786,0.02851,0.77094,0.02052,0.7629,0.03149,0.76339,0.03048
SGD,1,0.005,0.25,10,189.77296,30.30893,0.7698,0.025,0.71644,0.04797,0.74527,0.03654,0.72843,0.01282,307.8,15.09084,125.0,39.13793,462.0,39.13793,105.2,15.09084,0.81539,0.01145,0.78705,0.06668,0.79918,0.03311,587.0,0.0,0.71644,0.04797,0.74527,0.03654,0.72843,0.01282,413.0,0.0,0.76592,0.01985,0.76614,0.01657,0.7638,0.02246,0.77451,0.01519,0.7698,0.025,0.76996,0.02425
SGD,2,0.0001,0.15,10,185.25517,6.15243,0.6574,0.05617,0.59086,0.06545,0.66319,0.11717,0.61451,0.02471,273.9,48.39066,203.5,100.42714,383.5,100.42714,139.1,48.39066,0.7399,0.02839,0.65332,0.1711,0.67839,0.10986,587.0,0.0,0.59086,0.06545,0.66319,0.11717,0.61451,0.02471,413.0,0.0,0.66536,0.02624,0.65825,0.03447,0.64646,0.05621,0.67836,0.02103,0.6574,0.05617,0.65203,0.06521
SGD,2,0.0001,0.2,10,222.13096,30.27373,0.61,0.08614,0.54405,0.08114,0.73123,0.13908,0.60884,0.01894,302.0,57.43402,279.0,141.88806,308.0,141.88806,111.0,57.43402,0.7423,0.02548,0.5247,0.24171,0.58025,0.1813,587.0,0.0,0.54405,0.08114,0.73123,0.13908,0.60884,0.01894,413.0,0.0,0.64318,0.03576,0.62795,0.05416,0.59456,0.095,0.66042,0.02888,0.61,0.08614,0.59205,0.10993
SGD,2,0.0001,0.25,10,193.09201,27.93445,0.6715,0.05097,0.60644,0.05182,0.64574,0.09491,0.61888,0.01961,266.7,39.20048,182.2,87.09101,404.8,87.09101,146.3,39.20048,0.73901,0.02517,0.68961,0.14836,0.70108,0.10538,587.0,0.0,0.60644,0.05182,0.64574,0.09491,0.61888,0.01961,413.0,0.0,0.67269,0.01982,0.66769,0.03205,0.65997,0.05508,0.68425,0.01591,0.6715,0.05097,0.66714,0.06363
SGD,2,0.0005,0.15,10,190.53223,20.08473,0.7207,0.06499,0.65746,0.09527,0.75206,0.06571,0.6933,0.03269,310.6,27.13423,176.9,90.61696,410.1,90.61696,102.4,27.13423,0.80165,0.01265,0.69864,0.15437,0.73735,0.09086,587.0,0.0,0.65746,0.09527,0.75206,0.06571,0.6933,0.03269,413.0,0.0,0.72957,0.04521,0.72535,0.04654,0.71532,0.06109,0.74211,0.03669,0.7207,0.06499,0.71915,0.06623
SGD,2,0.0005,0.2,10,178.17466,3.77071,0.7353,0.04898,0.67155,0.07738,0.74649,0.05127,0.70175,0.0248,308.3,21.17677,160.0,69.0153,427.0,69.0153,104.7,21.17677,0.804,0.0111,0.72743,0.11758,0.75869,0.06622,587.0,0.0,0.67155,0.07738,0.74649,0.05127,0.70175,0.0248,413.0,0.0,0.73779,0.03635,0.73696,0.03483,0.73021,0.04522,0.74931,0.02942,0.7353,0.04898,0.73516,0.04885
SGD,2,0.0005,0.25,10,170.65498,24.88168,0.7292,0.0561,0.66913,0.08329,0.73341,0.05373,0.69373,0.02878,302.9,22.19334,160.7,77.02244,426.3,77.02244,110.1,22.19334,0.79526,0.00924,0.72624,0.13119,0.75295,0.07662,587.0,0.0,0.66913,0.08329,0.73341,0.05373,0.69373,0.02878,413.0,0.0,0.73219,0.0409,0.72983,0.04058,0.72333,0.05218,0.74317,0.03364,0.7292,0.0561,0.72848,0.0564
SGD,2,0.005,0.15,10,188.77439,2.42707,0.7468,0.02933,0.67671,0.05424,0.76175,0.04376,0.71378,0.01409,314.6,18.07515,154.8,46.03815,432.2,46.03815,98.4,18.07515,0.81579,0.01361,0.73628,0.07845,0.77144,0.04007,587.0,0.0,0.67671,0.05424,0.76175,0.04376,0.71378,0.01409,413.0,0.0,0.74624,0.02245,0.74901,0.01953,0.74261,0.02646,0.75836,0.01721,0.7468,0.02933,0.74761,0.0288
SGD,2,0.005,0.2,10,187.37394,4.32033,0.7738,0.02003,0.72569,0.04325,0.73632,0.03267,0.72925,0.01134,304.1,13.49444,117.3,31.72468,469.7,31.72468,108.9,13.49444,0.81236,0.01059,0.80017,0.05406,0.8051,0.02521,587.0,0.0,0.72569,0.04325,0.73632,0.03267,0.72925,0.01134,413.0,0.0,0.76901,0.01852,0.76824,0.01361,0.7672,0.01761,0.77656,0.01448,0.7738,0.02003,0.77377,0.01889
SGD,2,0.005,0.25,10,227.5194,43.09972,0.771,0.03356,0.73126,0.05771,0.72132,0.03564,0.72349,0.01718,297.9,14.71545,113.9,47.99641,473.1,47.99641,115.1,14.71545,0.8048,0.00587,0.80596,0.08178,0.80303,0.04427,587.0,0.0,0.73126,0.05771,0.72132,0.03564,0.72349,0.01718,413.0,0.0,0.76804,0.02637,0.76364,0.02348,0.76328,0.03063,0.77444,0.02095,0.771,0.03356,0.77019,0.03299
